sample_name	f_barcode	r_barcode	group	animal
AD1	CCTACGGGNGGCWGCAG	GACTACHVGGGTATCTAATCC	AD	AD1
AD4	CCTACGGGNGGCWGCAG	GACTACHVGGGTATCTAATCC	AD	AD4
AD5	CCTACGGGNGGCWGCAG	GACTACHVGGGTATCTAATCC	AD	AD5
AD6	CCTACGGGNGGCWGCAG	GACTACHVGGGTATCTAATCC	AD	AD6
AD7	CCTACGGGNGGCWGCAG	GACTACHVGGGTATCTAATCC	AD	AD7
AD8	CCTACGGGNGGCWGCAG	GACTACHVGGGTATCTAATCC	AD	AD8
AP2	CCTACGGGNGGCWGCAG	GACTACHVGGGTATCTAATCC	AP	AP2
AP3	CCTACGGGNGGCWGCAG	GACTACHVGGGTATCTAATCC	AP	AP3
AP4	CCTACGGGNGGCWGCAG	GACTACHVGGGTATCTAATCC	AP	AP4
AP5	CCTACGGGNGGCWGCAG	GACTACHVGGGTATCTAATCC	AP	AP5
AP6	CCTACGGGNGGCWGCAG	GACTACHVGGGTATCTAATCC	AP	AP6
AP7	CCTACGGGNGGCWGCAG	GACTACHVGGGTATCTAATCC	AP	AP7
CON1	CCTACGGGNGGCWGCAG	GACTACHVGGGTATCTAATCC	CON	CON1
CON3	CCTACGGGNGGCWGCAG	GACTACHVGGGTATCTAATCC	CON	CON3
CON4	CCTACGGGNGGCWGCAG	GACTACHVGGGTATCTAATCC	CON	CON4
CON5	CCTACGGGNGGCWGCAG	GACTACHVGGGTATCTAATCC	CON	CON5
CON6	CCTACGGGNGGCWGCAG	GACTACHVGGGTATCTAATCC	CON	CON6
CON8	CCTACGGGNGGCWGCAG	GACTACHVGGGTATCTAATCC	CON	CON8
